{
  "cars": {
    "car": [
      {
        "parkingSpot": 1,
        "carNumber": "",
        "driverName": "",
        "phoneNumber": "",
        "parkingTime": "2020-04-25T11:24:22"
      },
      {
        "parkingSpot": 2,
        "carNumber": "",
        "driverName": "",
        "phoneNumber": "",
        "parkingTime": "2020-04-25T11:25:07"
      },
      {
        "parkingSpot": 3,
        "carNumber": "",
        "driverName": "",
        "phoneNumber": "",
        "parkingTime": "0001-01-01T00:00:00"
      },
      {
        "parkingSpot": 4,
        "carNumber": "",
        "driverName": "",
        "phoneNumber": "",
        "parkingTime": "0001-01-01T00:00:00"
      },
      {
        "parkingSpot": 5,
        "carNumber": "",
        "driverName": "",
        "phoneNumber": "",
        "parkingTime": "0001-01-01T00:00:00"
      }
    ]
  }
}